gen [kWh],use [kWh]
20.050750732421875,17.969966888427734
13.34803295135498,8.706899642944336
8.064499855041504,21.990999221801758
2.283216714859009,33.15206527709961
0.20511667430400848,36.15409851074219
0.2544666528701782,47.10408401489258
0.2554166615009308,103.10736846923828
0.2564833164215088,43.66756820678711
0.2543666660785675,54.62968444824219
0.23888333141803741,52.909217834472656
0.24478332698345184,41.910282135009766
