gen [kWh],use [kWh]
0.4384969,40.544292
