gen [kWh],use [kWh]
18.83707,26.58423
