gen [kWh],use [kWh]
0.44443825,79.17109
