gen [kWh],use [kWh]
17.562134,19.766394
