gen [kWh],use [kWh]
17.090788,30.58343
