gen [kWh],use [kWh]
19.345716,19.277828
