gen [kWh],use [kWh]
0.44456393,47.10285
