Bid ID,PowerMB,PowerGB,PowerMS,PowerGS
BD 1,1.0,9.0,0.0,0.0
BD 2,20.0,0.0,0.0,0.0
BD 3,16.428571428571438,3.5714285714285623,0.0,0.0
BD 4,0.0,0.0,10.0,0.0
BD 5,0.0,0.0,10.0,0.0
BD 6,0.0,0.0,17.428571428571438,42.57142857142856
