gen [kWh],use [kWh]
0.5504704,53.275223
