gen [kWh],use [kWh]
19.415884,23.673664
